Status,HTML_Formular,Access_Formular,Label,HTML_ID,HTML_Action,Access_Name,Access_OnClick
NEW,frm_Abwesenheiten.html,frm_Abwesenheiten,&#9654;,btnNächster,,,
NEW,frm_Abwesenheiten.html,frm_Abwesenheiten,&#9654;|,btnLetzter,,,
NEW,frm_Abwesenheiten.html,frm_Abwesenheiten,&#9664;,btnVorheriger,,,
NEW,frm_Abwesenheiten.html,frm_Abwesenheiten,+ Neu,btnNeu,,,
NEW,frm_Abwesenheiten.html,frm_Abwesenheiten,Löschen,btnLöschen,,,
NEW,frm_Abwesenheiten.html,frm_Abwesenheiten,Speichern,btnSpeichern,,,
NEW,frm_Abwesenheiten.html,frm_Abwesenheiten,|&#9664;,btnErster,,,
MISS,frm_DP_Dienstplan_MA.html,frm_DP_Dienstplan_MA,,,,btnVor,[Event Procedure]
MISS,frm_DP_Dienstplan_MA.html,frm_DP_Dienstplan_MA,,,,btnrueck,[Event Procedure]
MISS,frm_DP_Dienstplan_MA.html,frm_DP_Dienstplan_MA,Befehl179,,,btnRibbonAus,[Event Procedure]
MISS,frm_DP_Dienstplan_MA.html,frm_DP_Dienstplan_MA,Befehl179,,,btnRibbonEin,[Event Procedure]
MISS,frm_DP_Dienstplan_MA.html,frm_DP_Dienstplan_MA,Befehl179,,,btnDaBaEin,[Event Procedure]
MISS,frm_DP_Dienstplan_MA.html,frm_DP_Dienstplan_MA,Befehl179,,,btnDaBaAus,[Event Procedure]
MISS,frm_DP_Dienstplan_MA.html,frm_DP_Dienstplan_MA,btn_Formular_schliessen,,,Befehl37,[Eingebettetes Makro]
NEW,frm_DP_Dienstplan_MA.html,frm_DP_Dienstplan_MA,&gt;,btnVor,,,
NEW,frm_DP_Dienstplan_MA.html,frm_DP_Dienstplan_MA,&lt;,btnrueck,,,
NEW,frm_DP_Dienstplan_MA.html,frm_DP_Dienstplan_MA,&times;,Befehl37,,,
NEW,frm_DP_Dienstplan_MA.html,frm_DP_Dienstplan_MA,+,btnDaBaEin,,,
NEW,frm_DP_Dienstplan_MA.html,frm_DP_Dienstplan_MA,+,btnRibbonEin,,,
NEW,frm_DP_Dienstplan_MA.html,frm_DP_Dienstplan_MA,-,btnRibbonAus,,,
NEW,frm_DP_Dienstplan_MA.html,frm_DP_Dienstplan_MA,-,btnDaBaAus,,,
NEW,frm_DP_Dienstplan_MA.html,frm_DP_Dienstplan_MA,⛶,fullscreenBtn,toggleFullscreen(),,
NEW,frm_DP_Dienstplan_MA.html,frm_DP_Dienstplan_MA,⛶,fullscreenBtn,,,
OK,frm_DP_Dienstplan_MA.html,frm_DP_Dienstplan_MA,Ab Heute,btn_Heute,,btn_Heute,[Event Procedure]
OK,frm_DP_Dienstplan_MA.html,frm_DP_Dienstplan_MA,Dienstpläne senden bis,btnDPSenden,,btnDPSenden,[Event Procedure]
OK,frm_DP_Dienstplan_MA.html,frm_DP_Dienstplan_MA,Einzeldienstpläne,btnMADienstpl,,btnMADienstpl,[Event Procedure]
OK,frm_DP_Dienstplan_MA.html,frm_DP_Dienstplan_MA,Senden,Befehl20,,Befehl20,[Event Procedure]
OK,frm_DP_Dienstplan_MA.html,frm_DP_Dienstplan_MA,Startdatum Ändern,btnStartdatum,,btnStartdatum,[Event Procedure]
OK,frm_DP_Dienstplan_MA.html,frm_DP_Dienstplan_MA,Übersicht drucken,btnOutpExcel,,btnOutpExcel,[Event Procedure]
OK,frm_DP_Dienstplan_MA.html,frm_DP_Dienstplan_MA,Übersicht senden,btnOutpExcelSend,,btnOutpExcelSend,[Event Procedure]
MISS,frm_DP_Dienstplan_Objekt.html,frm_DP_Dienstplan_Objekt,,,,btnVor,[Event Procedure]
MISS,frm_DP_Dienstplan_Objekt.html,frm_DP_Dienstplan_Objekt,,,,btnrueck,[Event Procedure]
MISS,frm_DP_Dienstplan_Objekt.html,frm_DP_Dienstplan_Objekt,Befehl179,,,btnRibbonAus,[Event Procedure]
MISS,frm_DP_Dienstplan_Objekt.html,frm_DP_Dienstplan_Objekt,Befehl179,,,btnRibbonEin,[Event Procedure]
MISS,frm_DP_Dienstplan_Objekt.html,frm_DP_Dienstplan_Objekt,Befehl179,,,btnDaBaEin,[Event Procedure]
MISS,frm_DP_Dienstplan_Objekt.html,frm_DP_Dienstplan_Objekt,Befehl179,,,btnDaBaAus,[Event Procedure]
MISS,frm_DP_Dienstplan_Objekt.html,frm_DP_Dienstplan_Objekt,btn_Formular_schliessen,,,Befehl37,[Eingebettetes Makro]
MISS,frm_DP_Dienstplan_Objekt.html,frm_DP_Dienstplan_Objekt,Übersicht senden,,,btnOutpExcelSend,[Event Procedure]
NEW,frm_DP_Dienstplan_Objekt.html,frm_DP_Dienstplan_Objekt,&#9974;,fullscreenBtn,toggleFullscreen(),,
NEW,frm_DP_Dienstplan_Objekt.html,frm_DP_Dienstplan_Objekt,&#9974;,fullscreenBtn,,,
NEW,frm_DP_Dienstplan_Objekt.html,frm_DP_Dienstplan_Objekt,&gt;,btnVor,,,
NEW,frm_DP_Dienstplan_Objekt.html,frm_DP_Dienstplan_Objekt,&lt;,btnrueck,,,
NEW,frm_DP_Dienstplan_Objekt.html,frm_DP_Dienstplan_Objekt,&times;,Befehl37,,,
OK,frm_DP_Dienstplan_Objekt.html,frm_DP_Dienstplan_Objekt,Ab Heute,btn_Heute,,btn_Heute,[Event Procedure]
OK,frm_DP_Dienstplan_Objekt.html,frm_DP_Dienstplan_Objekt,Startdatum Ändern,btnStartdatum,,btnStartdatum,[Event Procedure]
OK,frm_DP_Dienstplan_Objekt.html,frm_DP_Dienstplan_Objekt,Übersicht drucken,btnOutpExcel,,btnOutpExcel,[Event Procedure]
NEW,frm_Einsatzuebersicht.html,frm_Einsatzuebersicht,&gt;&gt;,btnVor,btnVor_Click(),,
NEW,frm_Einsatzuebersicht.html,frm_Einsatzuebersicht,&gt;&gt;,btnVor,,,
NEW,frm_Einsatzuebersicht.html,frm_Einsatzuebersicht,&lt;&lt;,btnZurueck,btnZurueck_Click(),,
NEW,frm_Einsatzuebersicht.html,frm_Einsatzuebersicht,&lt;&lt;,btnZurueck,,,
NEW,frm_Einsatzuebersicht.html,frm_Einsatzuebersicht,Aktualisieren,btnAktualisieren,btnAktualisieren_Click(),,
NEW,frm_Einsatzuebersicht.html,frm_Einsatzuebersicht,Aktualisieren,btnAktualisieren,,,
NEW,frm_Einsatzuebersicht.html,frm_Einsatzuebersicht,Diese Woche,btnFilterWoche,setQuickFilter(,,
NEW,frm_Einsatzuebersicht.html,frm_Einsatzuebersicht,Diese Woche,btnFilterWoche,,,
NEW,frm_Einsatzuebersicht.html,frm_Einsatzuebersicht,Dieser Monat,btnFilterMonat,setQuickFilter(,,
NEW,frm_Einsatzuebersicht.html,frm_Einsatzuebersicht,Dieser Monat,btnFilterMonat,,,
NEW,frm_Einsatzuebersicht.html,frm_Einsatzuebersicht,Drucken,btnDrucken,btnDrucken_Click(),,
NEW,frm_Einsatzuebersicht.html,frm_Einsatzuebersicht,Drucken,btnDrucken,,,
NEW,frm_Einsatzuebersicht.html,frm_Einsatzuebersicht,Export Excel,btnExportExcel,btnExportExcel_Click(),,
NEW,frm_Einsatzuebersicht.html,frm_Einsatzuebersicht,Export Excel,btnExportExcel,,,
NEW,frm_Einsatzuebersicht.html,frm_Einsatzuebersicht,Heute,btnHeute,btnHeute_Click(),,
NEW,frm_Einsatzuebersicht.html,frm_Einsatzuebersicht,Heute,btnFilterHeute,setQuickFilter(,,
NEW,frm_Einsatzuebersicht.html,frm_Einsatzuebersicht,Heute,btnHeute,,,
NEW,frm_Einsatzuebersicht.html,frm_Einsatzuebersicht,Heute,btnFilterHeute,,,
NEW,frm_Einsatzuebersicht.html,frm_Einsatzuebersicht,X,btnClose,closeForm(),,
NEW,frm_Einsatzuebersicht.html,frm_Einsatzuebersicht,X,btnClose,,,
MISS,frm_KD_Kundenstamm.html,frm_KD_Kundenstamm,Auswahlfilter,,,btnAlle,[Event Procedure]
MISS,frm_KD_Kundenstamm.html,frm_KD_Kundenstamm,Befehl179,,,btnRibbonAus,[Event Procedure]
MISS,frm_KD_Kundenstamm.html,frm_KD_Kundenstamm,Befehl179,,,btnRibbonEin,[Event Procedure]
MISS,frm_KD_Kundenstamm.html,frm_KD_Kundenstamm,Befehl179,,,btnDaBaEin,[Event Procedure]
MISS,frm_KD_Kundenstamm.html,frm_KD_Kundenstamm,Befehl179,,,btnDaBaAus,[Event Procedure]
MISS,frm_KD_Kundenstamm.html,frm_KD_Kundenstamm,Berechnungsliste,,,btnAufRchPosPDF,[Event Procedure]
MISS,frm_KD_Kundenstamm.html,frm_KD_Kundenstamm,Einsatzliste,,,btnAufEinsPDF,[Event Procedure]
MISS,frm_KD_Kundenstamm.html,frm_KD_Kundenstamm,Kunden löschen,,,mcobtnDelete,[Eingebettetes Makro]
MISS,frm_KD_Kundenstamm.html,frm_KD_Kundenstamm,Neuen Anlage hinzufügen,,,btnNeuAttach,[Event Procedure]
MISS,frm_KD_Kundenstamm.html,frm_KD_Kundenstamm,Rechnung,,,btnAufRchPDF,[Event Procedure]
MISS,frm_KD_Kundenstamm.html,frm_KD_Kundenstamm,btn_Datensatz_vor,,,Befehl40,[Eingebettetes Makro]
MISS,frm_KD_Kundenstamm.html,frm_KD_Kundenstamm,btn_Datensatz_zurueck,,,Befehl41,[Eingebettetes Makro]
MISS,frm_KD_Kundenstamm.html,frm_KD_Kundenstamm,btn_erster_Datensatz,,,Befehl43,[Eingebettetes Makro]
MISS,frm_KD_Kundenstamm.html,frm_KD_Kundenstamm,btn_letzter_Datensatz,,,Befehl39,[Eingebettetes Makro]
NEW,frm_KD_Kundenstamm.html,frm_KD_Kundenstamm,&gt;,kd-btn-naechste,,,
NEW,frm_KD_Kundenstamm.html,frm_KD_Kundenstamm,&gt;|,kd-btn-letzte,,,
NEW,frm_KD_Kundenstamm.html,frm_KD_Kundenstamm,&lt;,kd-btn-vorige,,,
NEW,frm_KD_Kundenstamm.html,frm_KD_Kundenstamm,Aktualisieren,btnAktualisieren,refreshData(),,
NEW,frm_KD_Kundenstamm.html,frm_KD_Kundenstamm,Aktualisieren,kd-btn-aktualisieren,,,
NEW,frm_KD_Kundenstamm.html,frm_KD_Kundenstamm,Angebote,kd-tab-angebote,,,
NEW,frm_KD_Kundenstamm.html,frm_KD_Kundenstamm,Ansprechpartner,kd-tab-ansprechpartner,,,
NEW,frm_KD_Kundenstamm.html,frm_KD_Kundenstamm,Auftragsübersicht,kd-tab-auftragsuebersicht,,,
NEW,frm_KD_Kundenstamm.html,frm_KD_Kundenstamm,Bemerkungen,kd-tab-bemerkungen,,,
NEW,frm_KD_Kundenstamm.html,frm_KD_Kundenstamm,Konditionen,kd-tab-konditionen,,,
NEW,frm_KD_Kundenstamm.html,frm_KD_Kundenstamm,Kunde löschen,btnLoeschen,kundeLoeschen(),,
NEW,frm_KD_Kundenstamm.html,frm_KD_Kundenstamm,Kunde löschen,kd-btn-loeschen,,,
NEW,frm_KD_Kundenstamm.html,frm_KD_Kundenstamm,Objekte,kd-tab-objekte,,,
NEW,frm_KD_Kundenstamm.html,frm_KD_Kundenstamm,Preise,kd-tab-preise,,,
NEW,frm_KD_Kundenstamm.html,frm_KD_Kundenstamm,Speichern,btnSpeichern,speichern(),,
NEW,frm_KD_Kundenstamm.html,frm_KD_Kundenstamm,Speichern,kd-btn-speichern,,,
NEW,frm_KD_Kundenstamm.html,frm_KD_Kundenstamm,Stammdaten,kd-tab-stammdaten,,,
NEW,frm_KD_Kundenstamm.html,frm_KD_Kundenstamm,Statistik,kd-tab-statistik,,,
NEW,frm_KD_Kundenstamm.html,frm_KD_Kundenstamm,Zusatzdateien,kd-tab-zusatzdateien,,,
NEW,frm_KD_Kundenstamm.html,frm_KD_Kundenstamm,_,kd-btn-minimieren,,,
NEW,frm_KD_Kundenstamm.html,frm_KD_Kundenstamm,|&lt;,kd-btn-erste,,,
NEW,frm_KD_Kundenstamm.html,frm_KD_Kundenstamm,□,kd-btn-maximieren,,,
NEW,frm_KD_Kundenstamm.html,frm_KD_Kundenstamm,⛶,fullscreenBtn,toggleFullscreen(),,
NEW,frm_KD_Kundenstamm.html,frm_KD_Kundenstamm,⛶,kd-btn-vollbild,,,
NEW,frm_KD_Kundenstamm.html,frm_KD_Kundenstamm,✉ Outlook,btnOutlook,openOutlook(),,
NEW,frm_KD_Kundenstamm.html,frm_KD_Kundenstamm,✉ Outlook,kd-btn-outlook,,,
NEW,frm_KD_Kundenstamm.html,frm_KD_Kundenstamm,✕,kd-btn-schliessen,,,
NEW,frm_KD_Kundenstamm.html,frm_KD_Kundenstamm,📄 Word,btnWord,openWord(),,
NEW,frm_KD_Kundenstamm.html,frm_KD_Kundenstamm,📄 Word,kd-btn-word,,,
NEW,frm_KD_Kundenstamm.html,frm_KD_Kundenstamm,🔍,kd-btn-nrsuche,,,
OK,frm_KD_Kundenstamm.html,frm_KD_Kundenstamm,Neuer Kunde,kd-btn-neu,,Befehl46,[Event Procedure]
OK,frm_KD_Kundenstamm.html,frm_KD_Kundenstamm,Umsatzauswertung,kd-btn-umsatzauswertung,,btnUmsAuswert,[Event Procedure]
OK,frm_KD_Kundenstamm.html,frm_KD_Kundenstamm,Verrechnungssätze,kd-btn-verrechnungssaetze,,btnAuswertung,[Event Procedure]
NEW,frm_MA_Abwesenheit.html,frm_MA_Abwesenheit,&#x26F6;,fullscreenBtn,toggleFullscreen(),,
NEW,frm_MA_Abwesenheit.html,frm_MA_Abwesenheit,&#x26F6;,fullscreenBtn,,,
NEW,frm_MA_Abwesenheit.html,frm_MA_Abwesenheit,Alle löschen,btnAllLoesch,,,
NEW,frm_MA_Abwesenheit.html,frm_MA_Abwesenheit,Berechnen,btnAbwBerechnen,,,
NEW,frm_MA_Abwesenheit.html,frm_MA_Abwesenheit,Markierte löschen,btnMarkLoesch,,,
NEW,frm_MA_Abwesenheit.html,frm_MA_Abwesenheit,Uebernehmen,bznUebernehmen,,,
MISS,frm_MA_Mitarbeiterstamm.html,frm_MA_Mitarbeiterstamm, Neuer Mitarbeiter,,,Befehl46,[Eingebettetes Makro]
MISS,frm_MA_Mitarbeiterstamm.html,frm_MA_Mitarbeiterstamm,...,,,btnDateisuch,[Event Procedure]
MISS,frm_MA_Mitarbeiterstamm.html,frm_MA_Mitarbeiterstamm,...,,,btnDateisuch2,[Event Procedure]
MISS,frm_MA_Mitarbeiterstamm.html,frm_MA_Mitarbeiterstamm,Abzüge,,,btnZuAb,[Event Procedure]
MISS,frm_MA_Mitarbeiterstamm.html,frm_MA_Mitarbeiterstamm,Ausgabeformular,,,btnReport_Dienstkleidung,[Event Procedure]
MISS,frm_MA_Mitarbeiterstamm.html,frm_MA_Mitarbeiterstamm,Befehl179,,,btnRibbonAus,[Event Procedure]
MISS,frm_MA_Mitarbeiterstamm.html,frm_MA_Mitarbeiterstamm,Befehl179,,,btnRibbonEin,[Event Procedure]
MISS,frm_MA_Mitarbeiterstamm.html,frm_MA_Mitarbeiterstamm,Befehl179,,,btnDaBaEin,[Event Procedure]
MISS,frm_MA_Mitarbeiterstamm.html,frm_MA_Mitarbeiterstamm,Befehl179,,,btnDaBaAus,[Event Procedure]
MISS,frm_MA_Mitarbeiterstamm.html,frm_MA_Mitarbeiterstamm,Drucken,,,Bericht_drucken,[Event Procedure]
MISS,frm_MA_Mitarbeiterstamm.html,frm_MA_Mitarbeiterstamm,Drucken,,,btn_Diensplan_prnt,[Event Procedure]
MISS,frm_MA_Mitarbeiterstamm.html,frm_MA_Mitarbeiterstamm,Einsätze übertragen FA,,,btnZKFest,[Event Procedure]
MISS,frm_MA_Mitarbeiterstamm.html,frm_MA_Mitarbeiterstamm,Einsätze übertragen MJ,,,btnZKMini,[Event Procedure]
MISS,frm_MA_Mitarbeiterstamm.html,frm_MA_Mitarbeiterstamm,Einsätze übertragen einzeln,,,btnZKeinzel,[Event Procedure]
MISS,frm_MA_Mitarbeiterstamm.html,frm_MA_Mitarbeiterstamm,Excel Export,,,btnXLZeitkto,[Event Procedure]
MISS,frm_MA_Mitarbeiterstamm.html,frm_MA_Mitarbeiterstamm,Excel-Export,,,btnXLJahr,[Event Procedure]
MISS,frm_MA_Mitarbeiterstamm.html,frm_MA_Mitarbeiterstamm,Excel-Export,,,btnXLEinsUeber,[Event Procedure]
MISS,frm_MA_Mitarbeiterstamm.html,frm_MA_Mitarbeiterstamm,Excel-Export,,,btnXLUeberhangStd,[Event Procedure]
MISS,frm_MA_Mitarbeiterstamm.html,frm_MA_Mitarbeiterstamm,Excel-Export,,,btnXLDiePl,[Event Procedure]
MISS,frm_MA_Mitarbeiterstamm.html,frm_MA_Mitarbeiterstamm,Excel-Export,,,btnXLNverfueg,[Event Procedure]
MISS,frm_MA_Mitarbeiterstamm.html,frm_MA_Mitarbeiterstamm,Excel-Export,,,btnXLVordrucke,[Event Procedure]
MISS,frm_MA_Mitarbeiterstamm.html,frm_MA_Mitarbeiterstamm,Listen drucken,,,btnLstDruck,[Event Procedure]
MISS,frm_MA_Mitarbeiterstamm.html,frm_MA_Mitarbeiterstamm,Maps öffnen,,,btnMaps,[Event Procedure]
MISS,frm_MA_Mitarbeiterstamm.html,frm_MA_Mitarbeiterstamm,Mitarbeiter Tabelle,,,lbl_Mitarbeitertabelle,[Event Procedure]
MISS,frm_MA_Mitarbeiterstamm.html,frm_MA_Mitarbeiterstamm,Rechnungsdetails,,,btnRch,[Event Procedure]
MISS,frm_MA_Mitarbeiterstamm.html,frm_MA_Mitarbeiterstamm,Senden,,,btn_Dienstplan_send,[Event Procedure]
MISS,frm_MA_Mitarbeiterstamm.html,frm_MA_Mitarbeiterstamm,Stundennachweis,,,btnCalc,[Event Procedure]
MISS,frm_MA_Mitarbeiterstamm.html,frm_MA_Mitarbeiterstamm,Termine  eingeben,,,btnMehrfachtermine,[Event Procedure]
MISS,frm_MA_Mitarbeiterstamm.html,frm_MA_Mitarbeiterstamm,Update Jahr,,,btnUpdJahr,[Event Procedure]
MISS,frm_MA_Mitarbeiterstamm.html,frm_MA_Mitarbeiterstamm,Vordrucke für MA aktualisieren / einlesen,,,btn_MA_EinlesVorlageDatei,[Event Procedure]
MISS,frm_MA_Mitarbeiterstamm.html,frm_MA_Mitarbeiterstamm,Wochen-Dienstplan,,,btnMADienstpl,[Event Procedure]
MISS,frm_MA_Mitarbeiterstamm.html,frm_MA_Mitarbeiterstamm,Zeitkonto ,,,btnZeitkonto,[Event Procedure]
MISS,frm_MA_Mitarbeiterstamm.html,frm_MA_Mitarbeiterstamm,btn_Datensatz_vor,,,Befehl40,[Eingebettetes Makro]
MISS,frm_MA_Mitarbeiterstamm.html,frm_MA_Mitarbeiterstamm,btn_Datensatz_zurueck,,,Befehl41,[Eingebettetes Makro]
MISS,frm_MA_Mitarbeiterstamm.html,frm_MA_Mitarbeiterstamm,btn_erster_Datensatz,,,Befehl43,[Eingebettetes Makro]
MISS,frm_MA_Mitarbeiterstamm.html,frm_MA_Mitarbeiterstamm,btn_letzter_Datensatz,,,Befehl39,[Eingebettetes Makro]
NEW,frm_MA_Mitarbeiterstamm.html,frm_MA_Mitarbeiterstamm,&#10005;,ma-btn-schliessen,,,
NEW,frm_MA_Mitarbeiterstamm.html,frm_MA_Mitarbeiterstamm,&#9633;,ma-btn-maximieren,,,
NEW,frm_MA_Mitarbeiterstamm.html,frm_MA_Mitarbeiterstamm,Bestand Dienstkleidung,ma-tab-dienstkleidung,,,
NEW,frm_MA_Mitarbeiterstamm.html,frm_MA_Mitarbeiterstamm,Briefkopf,ma-tab-briefkopf,,,
NEW,frm_MA_Mitarbeiterstamm.html,frm_MA_Mitarbeiterstamm,Dienstplan,btnDienstplan,openDienstplan(),,
NEW,frm_MA_Mitarbeiterstamm.html,frm_MA_Mitarbeiterstamm,Dienstplan,ma-btn-dienstplan,,,
NEW,frm_MA_Mitarbeiterstamm.html,frm_MA_Mitarbeiterstamm,Dienstplan,ma-tab-dienstplan,,,
NEW,frm_MA_Mitarbeiterstamm.html,frm_MA_Mitarbeiterstamm,Dokumente,ma-tab-dokumente,,,
NEW,frm_MA_Mitarbeiterstamm.html,frm_MA_Mitarbeiterstamm,Einsatzübersicht,btnEinsatzÜbersicht,openEinsatzübersicht(),,
NEW,frm_MA_Mitarbeiterstamm.html,frm_MA_Mitarbeiterstamm,Einsatzübersicht,ma-btn-einsatzuebersicht,,,
NEW,frm_MA_Mitarbeiterstamm.html,frm_MA_Mitarbeiterstamm,Einsatzübersicht,ma-tab-einsatzuebersicht,,,
NEW,frm_MA_Mitarbeiterstamm.html,frm_MA_Mitarbeiterstamm,Einsätze FA,btnEinsaetzeFA,einsaetzeUebertragen(,,
NEW,frm_MA_Mitarbeiterstamm.html,frm_MA_Mitarbeiterstamm,Einsätze FA,ma-btn-einsaetze-fa,,,
NEW,frm_MA_Mitarbeiterstamm.html,frm_MA_Mitarbeiterstamm,Einsätze MJ,btnEinsaetzeMJ,einsaetzeUebertragen(,,
NEW,frm_MA_Mitarbeiterstamm.html,frm_MA_Mitarbeiterstamm,Einsätze MJ,ma-btn-einsaetze-mj,,,
NEW,frm_MA_Mitarbeiterstamm.html,frm_MA_Mitarbeiterstamm,Jahresübersicht,ma-tab-jahresuebersicht,,,
NEW,frm_MA_Mitarbeiterstamm.html,frm_MA_Mitarbeiterstamm,Karte,ma-tab-karte,,,
NEW,frm_MA_Mitarbeiterstamm.html,frm_MA_Mitarbeiterstamm,MA Adressen,btnMAAdressen,openMAAdressen(),,
NEW,frm_MA_Mitarbeiterstamm.html,frm_MA_Mitarbeiterstamm,MA Adressen,ma-btn-maadressen,,,
NEW,frm_MA_Mitarbeiterstamm.html,frm_MA_Mitarbeiterstamm,Neuer Mitarbeiter,btnNeuMA,neuerMitarbeiter(),,
NEW,frm_MA_Mitarbeiterstamm.html,frm_MA_Mitarbeiterstamm,Neuer Mitarbeiter,ma-btn-neu,,,
NEW,frm_MA_Mitarbeiterstamm.html,frm_MA_Mitarbeiterstamm,Nicht Verfügbar,ma-tab-nichtverfuegbar,,,
NEW,frm_MA_Mitarbeiterstamm.html,frm_MA_Mitarbeiterstamm,Qualifikationen,ma-tab-qualifikationen,,,
NEW,frm_MA_Mitarbeiterstamm.html,frm_MA_Mitarbeiterstamm,Quick Info,ma-tab-quickinfo,,,
NEW,frm_MA_Mitarbeiterstamm.html,frm_MA_Mitarbeiterstamm,Speichern,btnSpeichern,speichern(),,
NEW,frm_MA_Mitarbeiterstamm.html,frm_MA_Mitarbeiterstamm,Speichern,ma-btn-speichern,,,
NEW,frm_MA_Mitarbeiterstamm.html,frm_MA_Mitarbeiterstamm,Stammdaten,ma-tab-stammdaten,,,
NEW,frm_MA_Mitarbeiterstamm.html,frm_MA_Mitarbeiterstamm,Stundenübers.,ma-tab-stundenuebersicht,,,
NEW,frm_MA_Mitarbeiterstamm.html,frm_MA_Mitarbeiterstamm,Sub Rechnungen,ma-tab-subrechnungen,,,
NEW,frm_MA_Mitarbeiterstamm.html,frm_MA_Mitarbeiterstamm,Uberhang Std.,ma-tab-ueberhangstunden,,,
NEW,frm_MA_Mitarbeiterstamm.html,frm_MA_Mitarbeiterstamm,Vordrucke,ma-tab-vordrucke,,,
NEW,frm_MA_Mitarbeiterstamm.html,frm_MA_Mitarbeiterstamm,ZK Einzel,btnZKeinzel,btnZKeinzel_Click(),,
NEW,frm_MA_Mitarbeiterstamm.html,frm_MA_Mitarbeiterstamm,ZK Einzel,ma-btn-zkeinzel,,,
NEW,frm_MA_Mitarbeiterstamm.html,frm_MA_Mitarbeiterstamm,ZK Fest,btnZKFest,btnZKFest_Click(),,
NEW,frm_MA_Mitarbeiterstamm.html,frm_MA_Mitarbeiterstamm,ZK Fest,ma-btn-zkfest,,,
NEW,frm_MA_Mitarbeiterstamm.html,frm_MA_Mitarbeiterstamm,ZK Mini,btnZKMini,btnZKMini_Click(),,
NEW,frm_MA_Mitarbeiterstamm.html,frm_MA_Mitarbeiterstamm,ZK Mini,ma-btn-zkmini,,,
NEW,frm_MA_Mitarbeiterstamm.html,frm_MA_Mitarbeiterstamm,Zeitkonto,btnZeitkonto,openZeitkonto(),,
NEW,frm_MA_Mitarbeiterstamm.html,frm_MA_Mitarbeiterstamm,Zeitkonto,ma-btn-zeitkonto,,,
NEW,frm_MA_Mitarbeiterstamm.html,frm_MA_Mitarbeiterstamm,Zeitkonto,ma-tab-zeitkonto,,,
NEW,frm_MA_Mitarbeiterstamm.html,frm_MA_Mitarbeiterstamm,_,ma-btn-minimieren,,,
NEW,frm_MA_Mitarbeiterstamm.html,frm_MA_Mitarbeiterstamm,â›¶,fullscreenBtn,toggleFullscreen(),,
NEW,frm_MA_Mitarbeiterstamm.html,frm_MA_Mitarbeiterstamm,â›¶,ma-btn-vollbild,,,
OK,frm_MA_Mitarbeiterstamm.html,frm_MA_Mitarbeiterstamm,Aktualisieren,ma-btn-aktualisieren,,btnLesen,[Event Procedure]
OK,frm_MA_Mitarbeiterstamm.html,frm_MA_Mitarbeiterstamm,Aktualisieren,ma-btn-aktualisieren,,btnAU_Lesen,[Event Procedure]
OK,frm_MA_Mitarbeiterstamm.html,frm_MA_Mitarbeiterstamm,Aktualisieren,ma-btn-aktualisieren,,btnau_lesen2,
OK,frm_MA_Mitarbeiterstamm.html,frm_MA_Mitarbeiterstamm,Aktualisieren,ma-btn-aktualisieren,,btnAUPl_Lesen,[Event Procedure]
OK,frm_MA_Mitarbeiterstamm.html,frm_MA_Mitarbeiterstamm,Mitarbeiter löschen,ma-btn-loeschen,,mcobtnDelete,[Eingebettetes Makro]
MISS,frm_MA_Serien_eMail_Auftrag.html,frm_MA_Serien_eMail_Auftrag, Senden,,,btnSendEmail,[Event Procedure]
MISS,frm_MA_Serien_eMail_Auftrag.html,frm_MA_Serien_eMail_Auftrag,...,,,btnAttachSuch,[Event Procedure]
MISS,frm_MA_Serien_eMail_Auftrag.html,frm_MA_Serien_eMail_Auftrag,Befehl179,,,btnRibbonAus,[Event Procedure]
MISS,frm_MA_Serien_eMail_Auftrag.html,frm_MA_Serien_eMail_Auftrag,Befehl179,,,btnRibbonEin,[Event Procedure]
MISS,frm_MA_Serien_eMail_Auftrag.html,frm_MA_Serien_eMail_Auftrag,Befehl179,,,btnDaBaEin,[Event Procedure]
MISS,frm_MA_Serien_eMail_Auftrag.html,frm_MA_Serien_eMail_Auftrag,Befehl179,,,btnDaBaAus,[Event Procedure]
MISS,frm_MA_Serien_eMail_Auftrag.html,frm_MA_Serien_eMail_Auftrag,Einsatzliste drucken,,,btnPDFCrea,[Event Procedure]
MISS,frm_MA_Serien_eMail_Auftrag.html,frm_MA_Serien_eMail_Auftrag,Hilfe,,,btnHilfe,[Eingebettetes Makro]
MISS,frm_MA_Serien_eMail_Auftrag.html,frm_MA_Serien_eMail_Auftrag,Löschen,,,btnAttLoesch,[Event Procedure]
MISS,frm_MA_Serien_eMail_Auftrag.html,frm_MA_Serien_eMail_Auftrag,Mitarbeiterauswahl,,,btnSchnellPlan,[Event Procedure]
MISS,frm_MA_Serien_eMail_Auftrag.html,frm_MA_Serien_eMail_Auftrag,Positionsliste hinzufügen,,,btnPosListeAtt,[Event Procedure]
MISS,frm_MA_Serien_eMail_Auftrag.html,frm_MA_Serien_eMail_Auftrag,Zu / Absagen bearbeiten,,,btnZuAbsage,[Event Procedure]
MISS,frm_MA_Serien_eMail_Auftrag.html,frm_MA_Serien_eMail_Auftrag,Zurück zum Auftrag,,,btnAuftrag,[Event Procedure]
MISS,frm_MA_Serien_eMail_Auftrag.html,frm_MA_Serien_eMail_Auftrag,btn_Formular_schliessen,,,Befehl38,[Eingebettetes Makro]
NEW,frm_MA_Serien_eMail_Auftrag.html,frm_MA_Serien_eMail_Auftrag,E-Mails senden,btnSenden,,,
NEW,frm_MA_Serien_eMail_Auftrag.html,frm_MA_Serien_eMail_Auftrag,Vorschau,btnVorschau,,,
MISS,frm_MA_Serien_eMail_dienstplan.html,frm_MA_Serien_eMail_dienstplan, Senden,,,btnSendEmail,[Event Procedure]
MISS,frm_MA_Serien_eMail_dienstplan.html,frm_MA_Serien_eMail_dienstplan,...,,,btnAttachSuch,[Event Procedure]
MISS,frm_MA_Serien_eMail_dienstplan.html,frm_MA_Serien_eMail_dienstplan,Befehl179,,,btnRibbonAus,[Event Procedure]
MISS,frm_MA_Serien_eMail_dienstplan.html,frm_MA_Serien_eMail_dienstplan,Befehl179,,,btnRibbonEin,[Event Procedure]
MISS,frm_MA_Serien_eMail_dienstplan.html,frm_MA_Serien_eMail_dienstplan,Befehl179,,,btnDaBaEin,[Event Procedure]
MISS,frm_MA_Serien_eMail_dienstplan.html,frm_MA_Serien_eMail_dienstplan,Befehl179,,,btnDaBaAus,[Event Procedure]
MISS,frm_MA_Serien_eMail_dienstplan.html,frm_MA_Serien_eMail_dienstplan,Einsatzliste,,,btnAuftrag,[Event Procedure]
MISS,frm_MA_Serien_eMail_dienstplan.html,frm_MA_Serien_eMail_dienstplan,Einsatzliste drucken,,,btnPDFCrea,[Event Procedure]
MISS,frm_MA_Serien_eMail_dienstplan.html,frm_MA_Serien_eMail_dienstplan,Hilfe,,,btnHilfe,[Eingebettetes Makro]
MISS,frm_MA_Serien_eMail_dienstplan.html,frm_MA_Serien_eMail_dienstplan,Löschen,,,btnAttLoesch,[Event Procedure]
MISS,frm_MA_Serien_eMail_dienstplan.html,frm_MA_Serien_eMail_dienstplan,Mitarbeiterauswahl,,,btnSchnellPlan,[Event Procedure]
MISS,frm_MA_Serien_eMail_dienstplan.html,frm_MA_Serien_eMail_dienstplan,Positionsliste hinzufügen,,,btnPosListeAtt,[Event Procedure]
MISS,frm_MA_Serien_eMail_dienstplan.html,frm_MA_Serien_eMail_dienstplan,Zu / Absagen bearbeiten,,,btnZuAbsage,[Event Procedure]
MISS,frm_MA_Serien_eMail_dienstplan.html,frm_MA_Serien_eMail_dienstplan,btn_Formular_schliessen,,,Befehl38,[Eingebettetes Makro]
NEW,frm_MA_Serien_eMail_dienstplan.html,frm_MA_Serien_eMail_dienstplan,E-Mails senden,btnSenden,,,
NEW,frm_MA_Serien_eMail_dienstplan.html,frm_MA_Serien_eMail_dienstplan,Vorschau,btnVorschau,,,
MISS,frm_MA_VA_Schnellauswahl.html,frm_MA_VA_Schnellauswahl,Alle ,,,btnDelAll,
MISS,frm_MA_VA_Schnellauswahl.html,frm_MA_VA_Schnellauswahl,Auswählen,,,btnAddSelected,[Event Procedure]
MISS,frm_MA_VA_Schnellauswahl.html,frm_MA_VA_Schnellauswahl,Auswählen,,,btnAddZusage,[Event Procedure]
MISS,frm_MA_VA_Schnellauswahl.html,frm_MA_VA_Schnellauswahl,Befehl179,,,btnRibbonAus,[Event Procedure]
MISS,frm_MA_VA_Schnellauswahl.html,frm_MA_VA_Schnellauswahl,Befehl179,,,btnRibbonEin,[Event Procedure]
MISS,frm_MA_VA_Schnellauswahl.html,frm_MA_VA_Schnellauswahl,Befehl179,,,btnDaBaEin,[Event Procedure]
MISS,frm_MA_VA_Schnellauswahl.html,frm_MA_VA_Schnellauswahl,Befehl179,,,btnDaBaAus,[Event Procedure]
MISS,frm_MA_VA_Schnellauswahl.html,frm_MA_VA_Schnellauswahl,Entfernen,,,btnDelSelected,[Event Procedure]
MISS,frm_MA_VA_Schnellauswahl.html,frm_MA_VA_Schnellauswahl,Hilfe,,,btnHilfe,[Eingebettetes Makro]
MISS,frm_MA_VA_Schnellauswahl.html,frm_MA_VA_Schnellauswahl,Löschen,,,btnDelZusage,[Event Procedure]
MISS,frm_MA_VA_Schnellauswahl.html,frm_MA_VA_Schnellauswahl,Verschieben,,,btnMoveZusage,[Event Procedure]
MISS,frm_MA_VA_Schnellauswahl.html,frm_MA_VA_Schnellauswahl,btn_Formular_schliessen,,,Befehl38,[Eingebettetes Makro]
NEW,frm_MA_VA_Schnellauswahl.html,frm_MA_VA_Schnellauswahl,&larr;,btnDelSelected,,,
NEW,frm_MA_VA_Schnellauswahl.html,frm_MA_VA_Schnellauswahl,&larr;,btnMoveZusage,,,
NEW,frm_MA_VA_Schnellauswahl.html,frm_MA_VA_Schnellauswahl,&rarr;,btnAddSelected,,,
NEW,frm_MA_VA_Schnellauswahl.html,frm_MA_VA_Schnellauswahl,&rarr;,btnAddZusage,,,
NEW,frm_MA_VA_Schnellauswahl.html,frm_MA_VA_Schnellauswahl,&times;,btnDelAll,,,
NEW,frm_MA_VA_Schnellauswahl.html,frm_MA_VA_Schnellauswahl,&times;,btnDelZusage,,,
NEW,frm_MA_VA_Schnellauswahl.html,frm_MA_VA_Schnellauswahl,&times;,anfrageModalCloseX,,,
NEW,frm_MA_VA_Schnellauswahl.html,frm_MA_VA_Schnellauswahl,Schließen,anfrageModalCloseBtn,,,
NEW,frm_MA_VA_Schnellauswahl.html,frm_MA_VA_Schnellauswahl,â›¶,fullscreenBtn,toggleFullscreen(),,
NEW,frm_MA_VA_Schnellauswahl.html,frm_MA_VA_Schnellauswahl,â›¶,fullscreenBtn,,,
OK,frm_MA_VA_Schnellauswahl.html,frm_MA_VA_Schnellauswahl,Alle Mitarbeiter anfragen,btnMail,,btnMail,[Event Procedure]
OK,frm_MA_VA_Schnellauswahl.html,frm_MA_VA_Schnellauswahl,Entfernung,cmdListMA_Entfernung,,cmdListMA_Entfernung,=cmdListMA_Entfernung_Click()
OK,frm_MA_VA_Schnellauswahl.html,frm_MA_VA_Schnellauswahl,GO,btnSchnellGo,,btnSchnellGo,[Event Procedure]
OK,frm_MA_VA_Schnellauswahl.html,frm_MA_VA_Schnellauswahl,Manuelles Bearbeiten,btnZuAbsage,,btnZuAbsage,[Event Procedure]
OK,frm_MA_VA_Schnellauswahl.html,frm_MA_VA_Schnellauswahl,Nur Selektierte anfragen,btnMailSelected,,btnMailSelected,[Event Procedure]
OK,frm_MA_VA_Schnellauswahl.html,frm_MA_VA_Schnellauswahl,Positionsliste,btnPosListe,,btnPosListe,[Event Procedure]
OK,frm_MA_VA_Schnellauswahl.html,frm_MA_VA_Schnellauswahl,Sortieren,btnSortZugeord,,btnSortZugeord,[Event Procedure]
OK,frm_MA_VA_Schnellauswahl.html,frm_MA_VA_Schnellauswahl,Sortieren,btnSortZugeord,,btnSortPLan,[Event Procedure]
OK,frm_MA_VA_Schnellauswahl.html,frm_MA_VA_Schnellauswahl,Standard,cmdListMA_Standard,,cmdListMA_Standard,=cmdListMA_Standard_Click()
OK,frm_MA_VA_Schnellauswahl.html,frm_MA_VA_Schnellauswahl,Zurück zum Auftrag,btnAuftrag,,btnAuftrag,[Event Procedure]
NEW,frm_MA_Zeitkonten.html,frm_MA_Zeitkonten,&#x26F6;,fullscreenBtn,toggleFullscreen(),,
NEW,frm_MA_Zeitkonten.html,frm_MA_Zeitkonten,&#x26F6;,fullscreenBtn,,,
NEW,frm_MA_Zeitkonten.html,frm_MA_Zeitkonten,Abgleich,btnAbgleich,,,
NEW,frm_MA_Zeitkonten.html,frm_MA_Zeitkonten,Export Diff,btnExportDiff,,,
NEW,frm_MA_Zeitkonten.html,frm_MA_Zeitkonten,Export Lexware,btnExport,,,
NEW,frm_MA_Zeitkonten.html,frm_MA_Zeitkonten,Import Einzel,btnImporteinzel,,,
NEW,frm_MA_Zeitkonten.html,frm_MA_Zeitkonten,Import ZK,btnImport,,,
NEW,frm_MA_Zeitkonten.html,frm_MA_Zeitkonten,ZK Einzel,btnZKeinzel,,,
NEW,frm_MA_Zeitkonten.html,frm_MA_Zeitkonten,ZK Fest,btnZKFest,,,
NEW,frm_MA_Zeitkonten.html,frm_MA_Zeitkonten,ZK Mini,btnZKMini,,,
MISS,frm_Menuefuehrung1.html,frm_Menuefuehrung1,Abwesenheiten,,,btn_Abwesenheiten,
MISS,frm_Menuefuehrung1.html,frm_Menuefuehrung1,Auftrag FA MJ Masterbtn ,,,btn_masterbtn,[Event Procedure]
MISS,frm_Menuefuehrung1.html,frm_Menuefuehrung1,BOS Auftrag anlegen,,,btn_BOS,[Event Procedure]
MISS,frm_Menuefuehrung1.html,frm_Menuefuehrung1,FCN Meldeliste,,,btnFCN_Meldeliste,[Event Procedure]
MISS,frm_Menuefuehrung1.html,frm_Menuefuehrung1,Fürth Namensliste,,,btnNamensliste,[Event Procedure]
MISS,frm_Menuefuehrung1.html,frm_Menuefuehrung1,Hirsch Auftrag erstellen,,,btn_Hirsch,[Event Procedure]
MISS,frm_Menuefuehrung1.html,frm_Menuefuehrung1,Letzter Einsatz MA,,,btnLetzterEinsatz,[Event Procedure]
MISS,frm_Menuefuehrung1.html,frm_Menuefuehrung1,Lex Aktiv,,,Befehl37,[Event Procedure]
MISS,frm_Menuefuehrung1.html,frm_Menuefuehrung1,Lohnabrechnungen,,,btnLohnabrech,[Event Procedure]
MISS,frm_Menuefuehrung1.html,frm_Menuefuehrung1,Lohnarten,,,btnLohnarten,[Event Procedure]
MISS,frm_Menuefuehrung1.html,frm_Menuefuehrung1,Menü 2 schliessen,,,Befehl40,[Event Procedure]
MISS,frm_Menuefuehrung1.html,frm_Menuefuehrung1,Menü 2 schliessen,,,btn_menue2_close,
MISS,frm_Menuefuehrung1.html,frm_Menuefuehrung1,Mitarbeiterstamm Excel,,,btn_MAStamm_Excel,[Event Procedure]
MISS,frm_Menuefuehrung1.html,frm_Menuefuehrung1,Mitarbeiterstatistik,,,Befehl48,[Event Procedure]
MISS,frm_Menuefuehrung1.html,frm_Menuefuehrung1,Monatsstunden,,,Befehl24,[Event Procedure]
MISS,frm_Menuefuehrung1.html,frm_Menuefuehrung1,Personalvorlagen,,,Btn_Personalvorlagen,[Event Procedure]
MISS,frm_Menuefuehrung1.html,frm_Menuefuehrung1,Stawa Auftrag anlegen,,,btn_Stawa,[Event Procedure]
MISS,frm_Menuefuehrung1.html,frm_Menuefuehrung1,Stunden Mitarbeiter,,,btnStundenMA,[Event Procedure]
MISS,frm_Menuefuehrung1.html,frm_Menuefuehrung1,Sub Stunden,,,btn_stunden_sub,[Event Procedure]
MISS,frm_Menuefuehrung1.html,frm_Menuefuehrung1,Telefonliste,,,btn_1,[Event Procedure]
MISS,frm_Menuefuehrung1.html,frm_Menuefuehrung1,Vorlagen,,,Befehl22,[Event Procedure]
NEW,frm_Menuefuehrung1.html,frm_Menuefuehrung1,Ã¢â€ºÂ¶,fullscreenBtn,toggleFullscreen(),,
NEW,frm_Menuefuehrung1.html,frm_Menuefuehrung1,Ã¢â€ºÂ¶,fullscreenBtn,,,
MISS,frm_OB_Objekt.html,frm_OB_Objekt,Aktuelle Positionsliste,,,btn_Back_akt_Pos_List,[Event Procedure]
MISS,frm_OB_Objekt.html,frm_OB_Objekt,Befehl179,,,btnRibbonAus,[Event Procedure]
MISS,frm_OB_Objekt.html,frm_OB_Objekt,Befehl179,,,btnRibbonEin,[Event Procedure]
MISS,frm_OB_Objekt.html,frm_OB_Objekt,Befehl179,,,btnDaBaEin,[Event Procedure]
MISS,frm_OB_Objekt.html,frm_OB_Objekt,Befehl179,,,btnDaBaAus,[Event Procedure]
MISS,frm_OB_Objekt.html,frm_OB_Objekt,Drucken,,,Befehl42,[Eingebettetes Makro]
MISS,frm_OB_Objekt.html,frm_OB_Objekt,Hilfe,,,btnHilfe,[Eingebettetes Makro]
MISS,frm_OB_Objekt.html,frm_OB_Objekt,Neue Objektvorlage,,,btnNeuAttach,[Event Procedure]
MISS,frm_OB_Objekt.html,frm_OB_Objekt,Neues Objekt,,,btnNeuVeranst,
MISS,frm_OB_Objekt.html,frm_OB_Objekt,Objektliste drucken,,,btnReport,[Event Procedure]
MISS,frm_OB_Objekt.html,frm_OB_Objekt,Objektliste löschen,,,mcobtnDelete,[Eingebettetes Makro]
MISS,frm_OB_Objekt.html,frm_OB_Objekt,btn_Datensatz_vor,,,Befehl40,[Eingebettetes Makro]
MISS,frm_OB_Objekt.html,frm_OB_Objekt,btn_Datensatz_zurueck,,,Befehl41,[Eingebettetes Makro]
MISS,frm_OB_Objekt.html,frm_OB_Objekt,btn_erster_Datensatz,,,Befehl43,[Eingebettetes Makro]
MISS,frm_OB_Objekt.html,frm_OB_Objekt,btn_letzter_Datensatz,,,btn_letzer_Datensatz,[Eingebettetes Makro]
NEW,frm_OB_Objekt.html,frm_OB_Objekt,&gt;,objekt-btn-naechste,,,
NEW,frm_OB_Objekt.html,frm_OB_Objekt,&gt;|,objekt-btn-letzte,,,
NEW,frm_OB_Objekt.html,frm_OB_Objekt,&lt;,objekt-btn-vorige,,,
NEW,frm_OB_Objekt.html,frm_OB_Objekt,+ Neu,objekt-btn-neu,,,
NEW,frm_OB_Objekt.html,frm_OB_Objekt,+ Neue Position,objekt-btn-neue-position,,,
NEW,frm_OB_Objekt.html,frm_OB_Objekt,?,objekt-btn-hilfe,,,
NEW,frm_OB_Objekt.html,frm_OB_Objekt,Aufträge,objekt-tab-auftraege,,,
NEW,frm_OB_Objekt.html,frm_OB_Objekt,Bemerkungen,objekt-tab-bemerkungen,,,
NEW,frm_OB_Objekt.html,frm_OB_Objekt,Bericht,objekt-btn-bericht,,,
NEW,frm_OB_Objekt.html,frm_OB_Objekt,Geocode,objekt-btn-geocode,,,
NEW,frm_OB_Objekt.html,frm_OB_Objekt,Löschen,objekt-btn-loeschen,,,
NEW,frm_OB_Objekt.html,frm_OB_Objekt,Neuer Veranstalter,objekt-btn-neuer-veranstalter,,,
NEW,frm_OB_Objekt.html,frm_OB_Objekt,Position löschen,objekt-btn-position-loeschen,,,
NEW,frm_OB_Objekt.html,frm_OB_Objekt,Positionen,objekt-tab-positionen,,,
NEW,frm_OB_Objekt.html,frm_OB_Objekt,Speichern,objekt-btn-speichern,,,
NEW,frm_OB_Objekt.html,frm_OB_Objekt,X,objekt-btn-schliessen,,,
NEW,frm_OB_Objekt.html,frm_OB_Objekt,Zurück zur Liste,btnBackToList,backToAktPosList(),,
NEW,frm_OB_Objekt.html,frm_OB_Objekt,Zurück zur Liste,objekt-btn-zurueck,,,
NEW,frm_OB_Objekt.html,frm_OB_Objekt,Zusatzdateien,objekt-tab-zusatzdateien,,,
NEW,frm_OB_Objekt.html,frm_OB_Objekt,[],objekt-btn-maximieren,,,
NEW,frm_OB_Objekt.html,frm_OB_Objekt,_,objekt-btn-minimieren,,,
NEW,frm_OB_Objekt.html,frm_OB_Objekt,|&lt;,objekt-btn-erste,,,
NEW,frm_OB_Objekt.html,frm_OB_Objekt,Ã¢â€ºÂ¶,fullscreenBtn,toggleFullscreen(),,
NEW,frm_OB_Objekt.html,frm_OB_Objekt,Ã¢â€ºÂ¶,objekt-btn-vollbild,,,
NEW,frm_va_Auftragstamm.html,frm_va_Auftragstamm,&gt;&gt;,auftrag-btn-tage-vor,,,
NEW,frm_va_Auftragstamm.html,frm_va_Auftragstamm,&lt;&lt;,auftrag-btn-tage-zurueck,,,
NEW,frm_va_Auftragstamm.html,frm_va_Auftragstamm,?,fullscreenBtn,toggleFullscreen(),,
NEW,frm_va_Auftragstamm.html,frm_va_Auftragstamm,?,auftrag-btn-vollbild,,,
NEW,frm_va_Auftragstamm.html,frm_va_Auftragstamm,Ab Heute,auftrag-btn-ab-heute,,,
NEW,frm_va_Auftragstamm.html,frm_va_Auftragstamm,Aktualisieren,btnAktualisieren,refreshData(),,
NEW,frm_va_Auftragstamm.html,frm_va_Auftragstamm,Aktualisieren,auftrag-btn-aktualisieren,,,
NEW,frm_va_Auftragstamm.html,frm_va_Auftragstamm,Antworten ausstehend,auftrag-tab-antworten,,,
NEW,frm_va_Auftragstamm.html,frm_va_Auftragstamm,Auftrag kopieren,btnKopieren,auftragKopieren(),,
NEW,frm_va_Auftragstamm.html,frm_va_Auftragstamm,Auftrag kopieren,auftrag-btn-kopieren,,,
NEW,frm_va_Auftragstamm.html,frm_va_Auftragstamm,Auftrag löschen,btnLoeschen,auftragLoeschen(),,
NEW,frm_va_Auftragstamm.html,frm_va_Auftragstamm,Auftrag löschen,auftrag-btn-loeschen,,,
NEW,frm_va_Auftragstamm.html,frm_va_Auftragstamm,BWN drucken,btn_BWN_Druck,bwnDrucken(),,
NEW,frm_va_Auftragstamm.html,frm_va_Auftragstamm,BWN drucken,auftrag-btn-bwn-drucken,,,
NEW,frm_va_Auftragstamm.html,frm_va_Auftragstamm,BWN senden,cmd_BWN_send,bwnSenden(),,
NEW,frm_va_Auftragstamm.html,frm_va_Auftragstamm,BWN senden,auftrag-btn-bwn-senden,,,
NEW,frm_va_Auftragstamm.html,frm_va_Auftragstamm,Bemerkungen,auftrag-tab-bemerkungen,,,
NEW,frm_va_Auftragstamm.html,frm_va_Auftragstamm,Berechnungsliste PDF,auftrag-btn-berechnungsliste-pdf,,,
NEW,frm_va_Auftragstamm.html,frm_va_Auftragstamm,Daten laden,auftrag-btn-rechnung-daten-laden,,,
NEW,frm_va_Auftragstamm.html,frm_va_Auftragstamm,EL drucken,btnDruckZusage,einsatzlisteDrucken(),,
NEW,frm_va_Auftragstamm.html,frm_va_Auftragstamm,EL drucken,auftrag-btn-einsatzliste-drucken,,,
NEW,frm_va_Auftragstamm.html,frm_va_Auftragstamm,EL gesendet,btnELGesendet,showELGesendet(),,
NEW,frm_va_Auftragstamm.html,frm_va_Auftragstamm,EL gesendet,auftrag-btn-el-gesendet,,,
NEW,frm_va_Auftragstamm.html,frm_va_Auftragstamm,EL senden BOS,btnMailBOS,sendeEinsatzlisteBOS(),,
NEW,frm_va_Auftragstamm.html,frm_va_Auftragstamm,EL senden BOS,auftrag-btn-el-senden-bos,,,
NEW,frm_va_Auftragstamm.html,frm_va_Auftragstamm,EL senden MA,btnMailEins,sendeEinsatzlisteMA(),,
NEW,frm_va_Auftragstamm.html,frm_va_Auftragstamm,EL senden MA,auftrag-btn-el-senden-ma,,,
NEW,frm_va_Auftragstamm.html,frm_va_Auftragstamm,EL senden SUB,btnMailSub,sendeEinsatzlisteSUB(),,
NEW,frm_va_Auftragstamm.html,frm_va_Auftragstamm,EL senden SUB,auftrag-btn-el-senden-sub,,,
NEW,frm_va_Auftragstamm.html,frm_va_Auftragstamm,Einsatzliste,auftrag-tab-einsatzliste,,,
NEW,frm_va_Auftragstamm.html,frm_va_Auftragstamm,Eventdaten,auftrag-tab-eventdaten,,,
NEW,frm_va_Auftragstamm.html,frm_va_Auftragstamm,Go,auftrag-btn-filter-go,,,
NEW,frm_va_Auftragstamm.html,frm_va_Auftragstamm,Ja,auftrag-btn-confirm-ja,,,
NEW,frm_va_Auftragstamm.html,frm_va_Auftragstamm,Mitarbeiterauswahl,btnSchnellPlan,openMitarbeiterauswahl(),,
NEW,frm_va_Auftragstamm.html,frm_va_Auftragstamm,Mitarbeiterauswahl,auftrag-btn-mitarbeiterauswahl,,,
NEW,frm_va_Auftragstamm.html,frm_va_Auftragstamm,Namensliste ESS,btnListeStd,namenslisteESS(),,
NEW,frm_va_Auftragstamm.html,frm_va_Auftragstamm,Namensliste ESS,auftrag-btn-namenslisteess,,,
NEW,frm_va_Auftragstamm.html,frm_va_Auftragstamm,Nein,auftrag-btn-confirm-nein,,,
NEW,frm_va_Auftragstamm.html,frm_va_Auftragstamm,Neuen Attach hinzufugen,auftrag-btn-attach-hinzufuegen,,,
NEW,frm_va_Auftragstamm.html,frm_va_Auftragstamm,Neuer Auftrag,btnNeuAuftrag,neuerAuftrag(),,
NEW,frm_va_Auftragstamm.html,frm_va_Auftragstamm,Neuer Auftrag,auftrag-btn-neu,,,
NEW,frm_va_Auftragstamm.html,frm_va_Auftragstamm,Positionen,btnPositionen,openPositionen(),,
NEW,frm_va_Auftragstamm.html,frm_va_Auftragstamm,Positionen,auftrag-btn-positionen,,,
NEW,frm_va_Auftragstamm.html,frm_va_Auftragstamm,Rechnung,auftrag-tab-rechnung,,,
NEW,frm_va_Auftragstamm.html,frm_va_Auftragstamm,Rechnung PDF,auftrag-btn-rechnung-pdf,,,
NEW,frm_va_Auftragstamm.html,frm_va_Auftragstamm,Rechnung in Lexware erstellen,auftrag-btn-rechnung-lexware,,,
NEW,frm_va_Auftragstamm.html,frm_va_Auftragstamm,Speichern,auftrag-btn-eventdaten-speichern,,,
NEW,frm_va_Auftragstamm.html,frm_va_Auftragstamm,Web-Daten laden,auftrag-btn-webdaten-laden,,,
NEW,frm_va_Auftragstamm.html,frm_va_Auftragstamm,Zusatzdateien,auftrag-tab-zusatzdateien,,,
NEW,frm_va_Auftragstamm.html,frm_va_Auftragstamm,_,auftrag-btn-minimieren,,,
NEW,frm_va_Auftragstamm.html,frm_va_Auftragstamm,→ Folgetag,btnPlan_Kopie,kopiereInFolgetag(),,
NEW,frm_va_Auftragstamm.html,frm_va_Auftragstamm,→ Folgetag,auftrag-btn-folgetag,,,
NEW,frm_va_Auftragstamm.html,frm_va_Auftragstamm,□,auftrag-btn-maximieren,,,
NEW,frm_va_Auftragstamm.html,frm_va_Auftragstamm,▶,btnDatumRight,datumNavRight(),,
NEW,frm_va_Auftragstamm.html,frm_va_Auftragstamm,▶,auftrag-btn-datum-rechts,,,
NEW,frm_va_Auftragstamm.html,frm_va_Auftragstamm,◀,btnDatumLeft,datumNavLeft(),,
NEW,frm_va_Auftragstamm.html,frm_va_Auftragstamm,◀,auftrag-btn-datum-links,,,
NEW,frm_va_Auftragstamm.html,frm_va_Auftragstamm,✕,auftrag-btn-schliessen,,,
